{"MAP_COVERAGE_UUID":"824ce613-301a-49cf-8710-113dfc9b975c","MAP_COVERAGE_REPLACE":true,"CELLGRP":{"824ce613-301a-49cf-8710-113dfc9b975c-polygon-1":1},"CELLGRP_GEOM":{"824ce613-301a-49cf-8710-113dfc9b975c-polygon-1":[[[4980.730510778878,941.0905031422236,0.0],[4980.5,1559.1000000000001,0.0],[4999.22,1559.29,0.0],[4999.200000000001,941.1,0.0],[4980.730510778878,941.0905031422236,0.0]]]}}