{"MAP_COVERAGE_UUID":"867cb886-978b-46a6-9f26-67e36df04c96","MAP_COVERAGE_REPLACE":true,"CELLGRP":{"867cb886-978b-46a6-9f26-67e36df04c96-arc-1":1},"CELLGRP_GEOM":{"867cb886-978b-46a6-9f26-67e36df04c96-arc-1":[[4.2,1069.0,0.0],[143.70000000000002,1069.0,0.0],[231.60000000000002,1071.5,0.0],[293.7,1092.2,0.0],[379.0,1115.5,0.0],[428.1,1133.6000000000001,0.0],[490.1,1164.6000000000001,0.0],[539.2,1177.5,0.0],[596.1,1180.1000000000001,0.0],[652.9000000000001,1193.0,0.0],[725.3000000000001,1218.9,0.0],[802.9000000000001,1242.1000000000001,0.0],[893.3000000000001,1247.3000000000002,0.0],[970.9000000000001,1255.1000000000001,0.0],[1035.5,1270.6000000000001,0.0],[1061.3,1286.1000000000001,0.0],[1113.0,1314.5,0.0],[1149.2,1345.5,0.0],[1188.0,1392.1000000000001,0.0],[1226.8,1441.2,0.0],[1260.4,1482.5,0.0],[1312.1000000000001,1526.5,0.0],[1343.1000000000001,1554.9,0.0],[1418.0,1580.7,0.0],[1516.3000000000002,1601.4,0.0],[1632.6000000000001,1604.0,0.0],[1733.4,1604.0,0.0],[1821.3000000000002,1591.1000000000001,0.0],[1885.9,1570.4,0.0],[1991.9,1529.0,0.0],[2090.1,1485.1000000000001,0.0],[2193.5,1443.8000000000002,0.0],[2309.8,1402.4,0.0],[2379.6,1389.5,0.0],[2435.8,1388.9,0.0],[2476.0,1386.7,0.0],[2538.4,1386.7,0.0],[2605.4,1393.4,0.0],[2658.9,1409.0,0.0],[2721.4,1429.1000000000001,0.0],[2797.2000000000003,1438.0,0.0],[2868.6000000000004,1442.5,0.0],[2917.7000000000003,1440.2,0.0],[2998.0,1424.6000000000001,0.0],[3044.8,1413.5,0.0],[3109.5,1386.7,0.0],[3147.5,1364.4,0.0],[3216.6000000000004,1319.8000000000002,0.0],[3245.6000000000004,1297.5,0.0],[3305.9,1259.5,0.0],[3366.1000000000004,1228.3,0.0],[3417.4,1199.3,0.0],[3468.7000000000003,1159.1000000000001,0.0],[3537.9,1101.1000000000001,0.0],[3564.7000000000003,1081.1000000000001,0.0],[3629.4,1056.5,0.0],[3680.7000000000003,1038.7,0.0],[3749.8,1029.7,0.0],[3792.2000000000003,1036.4,0.0],[3823.4,1056.5,0.0],[3873.5,1082.5,0.0],[3921.2000000000003,1098.4,0.0],[3975.8,1114.3,0.0],[4025.8,1134.8,0.0],[4046.3,1148.4,0.0],[4087.2000000000003,1175.7,0.0],[4114.5,1193.9,0.0],[4155.5,1221.2,0.0],[4182.7,1239.4,0.0],[4212.3,1271.2,0.0],[4230.5,1293.9,0.0],[4257.8,1321.2,0.0],[4301.0,1359.9,0.0],[4344.2,1394.0,0.0],[4373.7,1414.5,0.0],[4448.8,1464.5,0.0],[4494.3,1480.4,0.0],[4564.7,1498.6000000000001,0.0],[4617.0,1507.7,0.0],[4683.0,1507.7,0.0],[4726.2,1498.6000000000001,0.0],[4780.8,1478.1000000000001,0.0],[4844.400000000001,1446.3000000000002,0.0],[4910.400000000001,1405.4,0.0],[4951.3,1369.0,0.0],[4985.400000000001,1323.5,0.0],[4996.8,1291.7,0.0]]}}